ID,Citation,Author (Japanease),Author (Japanease),Publication year,Publication year,Paper name,Journal/ Report name,Link 
B300001,打田町史編さん委員会1981,打田町史編さん委員会,うちたちょうしへんさんいいんかい,1981,,,打田町史　第１巻　考古資料編　,https://ci.nii.ac.jp/ncid/BN06927254
B300002,海南市史編纂委員会1979,海南市史編纂委員会,かいなんししへんさんいいんかい,1979,,縄文時代,海南市史第3巻,https://ci.nii.ac.jp/ncid/BN03474674
B300003,羯磨正信1980,羯磨正信,かつままさのぶ,1980,,打田町埋蔵文化財の概要と分布調査,打田の歴史１,-
B300004,羯磨正信･中村貞史1970,羯磨正信･中村貞史,かつままさのぶ・なかむらただし,1970,,和歌山県出土の有舌尖頭器,古代文化22-9,https://ci.nii.ac.jp/ncid/AN00092640
B300005,関西大学考古学研究室1972,関西大学考古学研究室,かんさいだいがくこうこがくけんきゆうしつ,1972,,総綱寺谷古墳群の調査,和歌山市における古墳文化,https://sitereports.nabunken.go.jp/96206
B300006,貴志川町史編集委員会1981,貴志川町史編集委員会,きしがわちようしへんしゅういいんかい,1981,,第２章考古　先土器時代～縄文時代,貴志川町史第３巻 ,https://ci.nii.ac.jp/ncid/BN03674298
B300007,北村純治2001,北村純治,きたむらじゅんじ,2001,,和歌山県内で採集した旧石器新資料,紀伊考古学研究４,https://ndlsearch.ndl.go.jp/books/R100000002-I000007851639-i4771017
B300008,北村純治・中原正光2007,北村純治・中原正光,きたむらじゅんじ・なかはらまさみつ,2007,,和歌山市平野池採集の小型横長剥片石核,紀伊考古学研究10,https://ndlsearch.ndl.go.jp/books/R100000002-I000007851639-i4771119
B300009,吉備町教育委員会1982,吉備町教育委員会,きびちょうきょういくいいんかい,1982,,歴史的環境　野田地区遺跡出土旧石器,田殿･尾中遺跡発掘調査概要報告書,https://sitereports.nabunken.go.jp/41035
B300010,吉備町教育委員会1985,吉備町教育委員会,きびちょうきょういくいいんかい,1985,,,土生池遺跡第２次発掘調査概報,https://ci.nii.ac.jp/ncid/BA58446111
B300011,吉備町誌編さん委員会1980,吉備町誌編さん委員会,きびちょうしへんさんいいんかい,1980,,第２編考古　,吉備町誌上巻  　,https://ci.nii.ac.jp/ncid/BN03234309
B300012,粉河町史専門委員会2003,粉河町史専門委員会,こかわちょうしせんもんいいんかい,2003,,原始の粉河,粉河町史第1巻,https://ci.nii.ac.jp/ncid/BN01206233
B300013,御坊市遺跡調査会1981,御坊市遺跡調査会,ごぼうしいせきちょうさかい,1981,,不定形石器,尾ノ崎遺跡（御坊市遺跡調査会埋蔵文化財発掘調査報告1）,https://sitereports.nabunken.go.jp/41094
B300014,御坊市遺跡調査会1983,御坊市遺跡調査会,ごぼうしいせきちょうさかい,1983,,旧石器の項,東大人遺跡（御坊市埋蔵文化財発掘調査報告2）,https://sitereports.nabunken.go.jp/41059
B300015,御坊市遺跡調査会1996,御坊市遺跡調査会,ごぼうしいせきちょうさかい,1996,,祓井戸Ⅱ遺跡,祓井戸古墳群ほか埋蔵文化財調査報告書,https://sitereports.nabunken.go.jp/41076
B300016,御坊市遺跡調査会2000,御坊市遺跡調査会,ごぼうしいせきちようさかい,2000,,御坊市の旧石器集成　,御坊第２火力発電所建設に伴う埋蔵文化財発掘調査,-
B300017,御坊市教育委員会1978,御坊市教育委員会,ごぼうしきょういくいいんかい,1978,,古墳の位置と環境,秋葉山古墳発掘調査報告書,https://sitereports.nabunken.go.jp/96374
B300018,御坊市史編さん委員会1981a,御坊市史編さん委員会,ごぼうししへんさんいいんかい,1981,a,狩猟･漁撈･採集時代,御坊市史第１巻　通史編Ⅰ,https://ci.nii.ac.jp/ncid/BN01180854
B300019,御坊市史編さん委員会1981b,御坊市史編さん委員会,ごぼうししへんさんいいんかい,1981,b,考古図録解説･図面,御坊市史第３巻　史料編Ⅰ,https://ci.nii.ac.jp/ncid/BN01180854
B300020,佐藤宏之1992,佐藤宏之,さとうひろゆき,1992,,前・中期旧石器時代/後期旧石器時代前半期,日本旧石器文化の構造と進化　（柏書房）,https://ci.nii.ac.jp/ncid/BN07810525
B300021,下津町史編集委員会1974,下津町史編集委員会,しもつちょうしへんしゅういいんかい,1974,,上遺跡,下津町史　史料編上　考古編,https://ci.nii.ac.jp/ncid/BN02754733
B300022,巽三郎･柳田俊雄1978,巽三郎･柳田俊雄,たつみさぶろう・やなぎだとしお,1978,,和歌山県日高川流域出土の旧石器,古代学研究86,https://cir.nii.ac.jp/crid/1570573086619050752
B300023,中原正光1970,中原正光,なかはらまさみつ,1970,,和歌山県海南市「原野大池遺跡」発見の石器について,和歌山史学12,https://ci.nii.ac.jp/ncid/AN00257853
B300024,中原正光1975,中原正光,なかはらまさみつ,1975,,紀北の先土器文化,月刊歴史手帖3-4,https://ci.nii.ac.jp/ncid/AN00338842
B300025,中原正光1979a,中原正光,なかはらまさみつ,1979,a,和歌山県における先土器時代文化研究の現状,海南市史研究4,https://ci.nii.ac.jp/ncid/AN00170915
B300026,中原正光1979b,中原正光,なかはらまさみつ,1979,b,先土器時代の遺跡と遺物,和歌山の研究Ⅰ（清文堂）,https://ci.nii.ac.jp/ncid/BN02337179
B300027,中原正光1981,中原正光,なかはらまさみつ,1981,,和歌山県における先土器文化研究の現状（2）,海南市史研究6,https://ci.nii.ac.jp/ncid/AN00170915
B300028,中原正光1988a,中原正光,なかはらまさみつ,1988,a,日高地方の先土器時代石器群の特性,求真能道（巽三郎先生古稀記念論集）,https://ci.nii.ac.jp/ncid/BN02719379
B300029,中原正光1988b,中原正光,なかはらまさみつ,1988,b,和歌山県下における先土器時代石器の地域色,旧石器考古学36,https://cir.nii.ac.jp/crid/1390010457689288960
B300030,中原正光1994,中原正光,なかはらまさみつ,1994,,土生池遺跡,瀬戸内技法とその時代 資料編（中・四国旧石器文化談話会編） ,https://ci.nii.ac.jp/ncid/BN1228157X
B300031,中原正光2003a,中原正光,なかはらまさみつ,2003,a,紀ノ川流域の旧石器文化,定本 紀ノ川・吉野川（郷土出版社）,https://ci.nii.ac.jp/ncid/BA63226293
B300032,中原正光2003b,中原正光,なかはらまさみつ,2003,b,和歌山県土生池遺跡での層位的知見,紀伊考古学研究６,https://cir.nii.ac.jp/crid/1390010457667044736
B300033,中原正光・北村純治2008,中原正光・北村純治,なかはらまさみつ・きたむらじゅんじ,2008,,大型半円筒形の磨製丸ノミ形石斧２例,紀伊考古学研究11,https://cir.nii.ac.jp/crid/1390010457643952512
B300034,中村貞史1979,中村貞史,なかむらただし,1979,,縄文時代の遺跡と遺物,和歌山の研究Ⅰ（清文堂）,https://ci.nii.ac.jp/ncid/BN02337179
B300035,野上町誌編さん委員会1985,野上町誌編さん委員会,のかみちょうしへんさんいいんかい,1985,,考古,野上町誌上巻,https://ci.nii.ac.jp/ncid/BN03587025
B300036,藤井保夫1992,藤井保夫,ふじいやすお,1992,,第1章　紀ノ川流域,日本の古代遺跡46 和歌山 (保育社),https://ci.nii.ac.jp/ncid/BN07209799
B300037,山口卓也1981,山口卓也,やまぐちたくや,1981,,和歌山市山東大池遺跡採集の旧石器･縄文時代の遺物,古代史の研究3,https://ci.nii.ac.jp/ncid/AN00126480
B300038,山口卓也1982,山口卓也,やまぐちたくや,1982,,和歌山市山東大池遺跡採集の旧石器･縄文時代の遺物(続),古代史の研究4,https://ci.nii.ac.jp/ncid/AN00126480
B300039,由良町史編さん委員会1995,由良町史編さん委員会,ゆらちょうしへんさんいいんかい,1995,,畑遺跡,由良町史通史編上巻,-
B300040,和歌山県教育委員会1978,和歌山県教育委員会,わかやまけんきょういくいいんかい,1978,,猪垣遺跡,紀の川用水建設事業に伴なう発掘調査報告書,https://sitereports.nabunken.go.jp/41039
B300041,和歌山県教育委員会1980,和歌山県教育委員会,わかやまけんきょういくいいんかい,1980,,調査に至る経過、位置と環境,紀の川用水建設事業に伴なう発掘調査報告書Ⅱ,https://sitereports.nabunken.go.jp/96387
B300042,和歌山県教育委員会1983,和歌山県教育委員会,わかやまけんきょういくいいんかい,1983,,,鳴滝遺跡発掘調査概報,https://sitereports.nabunken.go.jp/96137
B300043,和歌山県教育委員会1985a,和歌山県教育委員会,わかやまけんきょういくいいんかい,1985,a,野田地区遺跡,野田・藤並地区遺跡発掘調査報告書,https://sitereports.nabunken.go.jp/40900
B300044,和歌山県教育委員会1985b,和歌山県教育委員会,わかやまけんきょういくいいんかい,1985,b,藤並地区遺跡,野田・藤並地区遺跡発掘調査報告書,https://sitereports.nabunken.go.jp/40900
B300045,和歌山県教育委員会1986,和歌山県教育委員会,わかやまけんきょういくいいんかい,1986,,,船岡山遺跡発掘調査報告書,https://sitereports.nabunken.go.jp/40903
B300046,和歌山県史編さん委員会1983,和歌山県史編さん委員会,わかやまけんしへんさんいいんかい,1983,,,和歌山県史 考古資料,https://ci.nii.ac.jp/ncid/BN00947408
B300047,和歌山県文化財研究会1978,和歌山県文化財研究会,わかやまけんぶんかざいけんきゅうかい,1978,,西庄地区遺跡（仮称)現場事務所通信No.４,和歌山県埋蔵文化財情報No.9,https://sitereports.nabunken.go.jp/96380
B300048,和歌山県文化財研究会1981,和歌山県文化財研究会,わかやまけんぶんかざいけんきゅうかい,1981,,石器,西国分Ⅱ遺跡発掘調査概報,https://iss.ndl.go.jp/books/R100000001-I094021977-00
B300049,(財)和歌山県文化財センター1995,(財)和歌山県文化財センター,わかやまけんぶんかざいせんたー,1995,,M地区の調査成果,藤並地区遺跡発掘調査報告書,https://sitereports.nabunken.go.jp/30142
B300050,(財)和歌山県文化財センター1999,(財)和歌山県文化財センター,わかやまけんぶんかざいせんたー,1999,,弘西遺跡の第2次発掘調査,和歌山県文化財センター年報1999,https://sitereports.nabunken.go.jp/96456
B300051,(財)和歌山県文化財センター2005,(財)和歌山県文化財センター,わかやまけんぶんかざいせんたー,2005,,弘西遺跡,緊急雇用対策特別基金事業に係る発掘調査資料整理概報,https://sitereports.nabunken.go.jp/80708
B300052,和歌山県立紀伊風土記の丘管理事務所1986,和歌山県立紀伊風土記の丘管理事務所,わかやまけんりつきいふどきのおかかんりじむしよ,1986,,堀止採集のポイント,紀伊風土記の丘年報13,https://ci.nii.ac.jp/ncid/AN00006296
B300053,和歌山市史編纂委員会1991,和歌山市史編纂委員会,わかやまししへんさんいいんかい　　　,1991,,先土器時代の文化,和歌山市史第１巻,https://ci.nii.ac.jp/ncid/BN02617834
B300054,北村純治2012,北村純治,きたむらじゅんじ,2012,,和歌山県内で採集した旧石器新資料II,紀伊考古学研究15,https://ndlsearch.ndl.go.jp/books/R100000002-I000007851639-i4771259
B300055,北村純治2019,北村純治,きたむらじゅんじ,2019,,和歌山県内で採集した旧石器新資料III,紀伊考古学研究22,https://ndlsearch.ndl.go.jp/books/R100000002-I000007851639-i4771581
B300056,立岡和人2002,立岡和人,たておかかずと,2002,,和歌山県における縄文時代草創期・早期の石器集成について,縄文時代の石器－関西の縄文草創期・早期－,https://ci.nii.ac.jp/ncid/BA6075318X
B300057,塚田良道1984,塚田良道,つかだよしみち,1984,,和歌山県平池遺跡採集のナイフ形石器,旧石器考古学28,https://cir.nii.ac.jp/crid/1390573407642720000
B300058,中原正光2012,中原正光,なかはらまさみつ,2012,,和歌山県松瀬・高津尾両遺跡の下層石器群について,紀伊考古学研究15,https://ndlsearch.ndl.go.jp/books/R100000002-I000007851639-i4771259
B300059,中原正光2019,中原正光,なかはらまさみつ,2019,,和歌山県内の旧石器時代遺跡におけるAT降灰層準の探求,紀伊考古学研究22,https://ndlsearch.ndl.go.jp/books/R100000002-I000007851639-i4771581
B300060,中原正光2020,中原正光,なかはらまさみつ,2020,,尾ノ崎東部丘陵遺跡出土の旧石器,紀伊考古学研究23,https://ndlsearch.ndl.go.jp/books/R100000002-I000007851639-i4771626
B300061,中原正光2021,中原正光,なかはらまさみつ,2021,,紀伊地方に『瀬戸内技法』は存在するのか,紀伊考古学研究24,https://ndlsearch.ndl.go.jp/books/R100000002-I000007851639-i4771667
B300062,中原正光2022,中原正光,なかはらまさみつ,2022,,和歌山県多田大池遺跡採集のチャート製ナイフ形石器,紀伊考古学研究25,https://ndlsearch.ndl.go.jp/books/R100000002-I000007851639-i30541840
B300063,前田敬彦2011,前田敬彦,まえだたかひこ,2011,,和歌浦周辺の遺跡から見えてくるもの,和歌の浦?その原像を求めて（清文堂）,https://cir.nii.ac.jp/crid/1130282271097264896
B300064,和歌山県文化財研究会1984,和歌山県文化財研究会,わかやまけんぶんかざいけんきゅうかい,1984,,,鳴滝遺跡発掘調査報告書,https://sitereports.nabunken.go.jp/96277
B300065,和歌山市立博物館2010,和歌山市立博物館,わかやましりつはくぶつかん,2010,,,よみがえる和歌山の縄文世界 : 人・暮らし・祈り : 特別展（平成22年度夏季特別展図録）,https://cir.nii.ac.jp/crid/1130000795558304256
B300066,上岡良章2023,上岡良章,かみおかよしあき,2023,,古代からのメッセージ―畑芳養垣内出土の石器について―,由良町の文化財50,-
B300067,橘昌信・多田仁2013,橘昌信・多田仁,たちばなまさのぶ・ただじん,2013,,西南日本における船野系細石刃石器群の形成と展開,明治大学博物館研究報告18,https://cir.nii.ac.jp/crid/1520290883206614144
B300068,中原正光2023,中原正光,なかはらまさみつ,2023,,壁川崎遺跡の露頭断面採集資料―旧石器包含層の確認に向けて,紀伊考古学研究26,https://ndlsearch.ndl.go.jp/books/R100000002-I000007851639-i31698357
B300069,前田敬彦2020,前田敬彦,まえだたかひこ,2020,,氷河期にやってきた旧石器人,地方史研究の最前線；紀州・和歌山（清文堂),https://ci.nii.ac.jp/ncid/BC04795541
B300070,森川実2011,森川実,もりかわみのる,2011,,ＡＴ降灰以後における横剥ぎナイフ形石器の変遷,旧石器考古学74,https://cir.nii.ac.jp/crid/1390010457689131520
B300071,和歌山市文化スポーツ振興財団2018,和歌山市文化スポーツ振興財団,わかやましすぽーつしんこうざいだん,2018,,,和歌山市埋蔵文化財発掘調査年報（2015年度）,-
